,iso_code,continent,location,date,total_cases,new_cases,total_deaths,new_deaths,total_cases_per_million,new_cases_per_million,total_deaths_per_million,new_deaths_per_million,new_tests,total_tests,total_tests_per_thousand,new_tests_per_thousand,new_tests_smoothed,new_tests_smoothed_per_thousand,tests_units,stringency_index,population,population_density,median_age,aged_65_older,aged_70_older,gdp_per_capita,extreme_poverty,cardiovasc_death_rate
0,USA,North America,United States,01-03-2020,69,3,1,1,0.20800000000000002,0.009000000000000001,0.003,0.003,,,,,,,,8.33,331002647,35.608000000000004,38.3,15.413,9.732000000000001,54225.445999999996,1.2,151.089
1,USA,North America,United States,02-03-2020,89,20,2,1,0.26899999999999996,0.06,0.006,0.003,,,,,,,,11.11,331002647,35.608000000000004,38.3,15.413,9.732000000000001,54225.445999999996,1.2,151.089
2,USA,North America,United States,03-03-2020,103,14,6,4,0.311,0.042,0.018000000000000002,0.012,,,,,,,,11.11,331002647,35.608000000000004,38.3,15.413,9.732000000000001,54225.445999999996,1.2,151.089
3,USA,North America,United States,04-03-2020,125,22,9,3,0.37799999999999995,0.066,0.027000000000000003,0.009000000000000001,,,,,,,,11.11,331002647,35.608000000000004,38.3,15.413,9.732000000000001,54225.445999999996,1.2,151.089
4,USA,North America,United States,05-03-2020,159,34,11,2,0.48,0.10300000000000001,0.033,0.006,,,,,,,,20.37,331002647,35.608000000000004,38.3,15.413,9.732000000000001,54225.445999999996,1.2,151.089
5,USA,North America,United States,06-03-2020,233,74,12,1,0.7040000000000001,0.22399999999999998,0.036000000000000004,0.003,,,,,,,,20.37,331002647,35.608000000000004,38.3,15.413,9.732000000000001,54225.445999999996,1.2,151.089
6,USA,North America,United States,07-03-2020,338,105,14,2,1.021,0.317,0.042,0.006,,4138.0,0.013000000000000001,,,,units unclear (incl. non-PCR),20.37,331002647,35.608000000000004,38.3,15.413,9.732000000000001,54225.445999999996,1.2,151.089
7,USA,North America,United States,08-03-2020,433,95,17,3,1.308,0.287,0.051,0.009000000000000001,874.0,5012.0,0.015,0.003,,,units unclear (incl. non-PCR),20.37,331002647,35.608000000000004,38.3,15.413,9.732000000000001,54225.445999999996,1.2,151.089
8,USA,North America,United States,09-03-2020,554,121,21,4,1.6740000000000002,0.366,0.063,0.012,1773.0,6785.0,0.02,0.005,,,units unclear (incl. non-PCR),20.37,331002647,35.608000000000004,38.3,15.413,9.732000000000001,54225.445999999996,1.2,151.089
9,USA,North America,United States,10-03-2020,754,200,26,5,2.278,0.604,0.079,0.015,2490.0,9275.0,0.027999999999999997,0.008,,,units unclear (incl. non-PCR),20.37,331002647,35.608000000000004,38.3,15.413,9.732000000000001,54225.445999999996,1.2,151.089
10,USA,North America,United States,11-03-2020,1025,271,28,2,3.097,0.8190000000000001,0.085,0.006,3818.0,13093.0,0.04,0.012,,,units unclear (incl. non-PCR),21.76,331002647,35.608000000000004,38.3,15.413,9.732000000000001,54225.445999999996,1.2,151.089
11,USA,North America,United States,12-03-2020,1312,287,30,2,3.964,0.867,0.091,0.006,5310.0,18403.0,0.055999999999999994,0.016,,,units unclear (incl. non-PCR),30.09,331002647,35.608000000000004,38.3,15.413,9.732000000000001,54225.445999999996,1.2,151.089
12,USA,North America,United States,13-03-2020,1663,351,40,10,5.024,1.06,0.121,0.03,9171.0,27574.0,0.083,0.027999999999999997,,,units unclear (incl. non-PCR),30.09,331002647,35.608000000000004,38.3,15.413,9.732000000000001,54225.445999999996,1.2,151.089
13,USA,North America,United States,14-03-2020,2174,511,47,7,6.568,1.544,0.142,0.021,4610.0,32184.0,0.09699999999999999,0.013999999999999999,4007.0,0.012,units unclear (incl. non-PCR),35.65,331002647,35.608000000000004,38.3,15.413,9.732000000000001,54225.445999999996,1.2,151.089
14,USA,North America,United States,15-03-2020,2951,777,57,10,8.915,2.347,0.172,0.03,7604.0,39788.0,0.12,0.023,4968.0,0.015,units unclear (incl. non-PCR),41.2,331002647,35.608000000000004,38.3,15.413,9.732000000000001,54225.445999999996,1.2,151.089
15,USA,North America,United States,16-03-2020,3774,823,69,12,11.402000000000001,2.4859999999999998,0.20800000000000002,0.036000000000000004,17924.0,57712.0,0.174,0.054000000000000006,7275.0,0.022000000000000002,units unclear (incl. non-PCR),52.31,331002647,35.608000000000004,38.3,15.413,9.732000000000001,54225.445999999996,1.2,151.089
16,USA,North America,United States,17-03-2020,4661,887,85,16,14.081,2.68,0.257,0.048,17320.0,75032.0,0.22699999999999998,0.052000000000000005,9394.0,0.027999999999999997,units unclear (incl. non-PCR),55.09,331002647,35.608000000000004,38.3,15.413,9.732000000000001,54225.445999999996,1.2,151.089
17,USA,North America,United States,18-03-2020,6427,1766,108,23,19.417,5.335,0.326,0.069,25064.0,100096.0,0.302,0.076,12429.0,0.038,units unclear (incl. non-PCR),55.09,331002647,35.608000000000004,38.3,15.413,9.732000000000001,54225.445999999996,1.2,151.089
18,USA,North America,United States,19-03-2020,9415,2988,150,42,28.444000000000003,9.027000000000001,0.45299999999999996,0.127,28081.0,128177.0,0.387,0.085,15682.0,0.047,units unclear (incl. non-PCR),67.13,331002647,35.608000000000004,38.3,15.413,9.732000000000001,54225.445999999996,1.2,151.089
19,USA,North America,United States,20-03-2020,14250,4835,150,0,43.051,14.607000000000001,0.45299999999999996,0.0,36662.0,164839.0,0.498,0.111,19609.0,0.059000000000000004,units unclear (incl. non-PCR),67.13,331002647,35.608000000000004,38.3,15.413,9.732000000000001,54225.445999999996,1.2,151.089
20,USA,North America,United States,21-03-2020,19624,5374,260,110,59.287,16.236,0.785,0.332,45333.0,210172.0,0.635,0.13699999999999998,25427.0,0.077,units unclear (incl. non-PCR),72.69,331002647,35.608000000000004,38.3,15.413,9.732000000000001,54225.445999999996,1.2,151.089
21,USA,North America,United States,22-03-2020,26747,7123,340,80,80.806,21.519000000000002,1.0270000000000001,0.242,45473.0,255645.0,0.772,0.13699999999999998,30837.0,0.09300000000000001,units unclear (incl. non-PCR),72.69,331002647,35.608000000000004,38.3,15.413,9.732000000000001,54225.445999999996,1.2,151.089
22,USA,North America,United States,23-03-2020,35206,8459,471,131,106.36200000000001,25.555999999999997,1.423,0.396,58148.0,313793.0,0.948,0.17600000000000002,36583.0,0.111,units unclear (incl. non-PCR),72.69,331002647,35.608000000000004,38.3,15.413,9.732000000000001,54225.445999999996,1.2,151.089
23,USA,North America,United States,24-03-2020,46442,11236,590,119,140.30700000000002,33.945,1.7819999999999998,0.36,69137.0,382930.0,1.157,0.209,43985.0,0.133,units unclear (incl. non-PCR),72.69,331002647,35.608000000000004,38.3,15.413,9.732000000000001,54225.445999999996,1.2,151.089
24,USA,North America,United States,25-03-2020,55231,8789,801,211,166.86,26.553,2.42,0.637,84394.0,467324.0,1.412,0.255,52461.0,0.158,units unclear (incl. non-PCR),72.69,331002647,35.608000000000004,38.3,15.413,9.732000000000001,54225.445999999996,1.2,151.089
25,USA,North America,United States,26-03-2020,69194,13963,1050,249,209.044,42.184,3.1719999999999997,0.752,101815.0,569139.0,1.719,0.308,62995.0,0.19,units unclear (incl. non-PCR),72.69,331002647,35.608000000000004,38.3,15.413,9.732000000000001,54225.445999999996,1.2,151.089
26,USA,North America,United States,27-03-2020,85991,16797,1296,246,259.789,50.746,3.915,0.743,102656.0,671795.0,2.03,0.31,72422.0,0.21899999999999997,units unclear (incl. non-PCR),72.69,331002647,35.608000000000004,38.3,15.413,9.732000000000001,54225.445999999996,1.2,151.089
27,USA,North America,United States,28-03-2020,104686,18695,1707,411,316.269,56.48,5.157,1.242,106870.0,778665.0,2.352,0.32299999999999995,81213.0,0.245,units unclear (incl. non-PCR),72.69,331002647,35.608000000000004,38.3,15.413,9.732000000000001,54225.445999999996,1.2,151.089
28,USA,North America,United States,29-03-2020,124665,19979,2191,484,376.62800000000004,60.358999999999995,6.619,1.462,87612.0,866277.0,2.617,0.265,87233.0,0.264,units unclear (incl. non-PCR),72.69,331002647,35.608000000000004,38.3,15.413,9.732000000000001,54225.445999999996,1.2,151.089
29,USA,North America,United States,30-03-2020,143025,18360,2509,318,432.096,55.468,7.58,0.961,118461.0,984738.0,2.975,0.358,95849.0,0.29,units unclear (incl. non-PCR),72.69,331002647,35.608000000000004,38.3,15.413,9.732000000000001,54225.445999999996,1.2,151.089
30,USA,North America,United States,31-03-2020,164620,21595,3170,661,497.337,65.241,9.577,1.9969999999999999,112330.0,1097068.0,3.3139999999999996,0.33899999999999997,102020.0,0.308,units unclear (incl. non-PCR),72.69,331002647,35.608000000000004,38.3,15.413,9.732000000000001,54225.445999999996,1.2,151.089
31,USA,North America,United States,01-04-2020,189618,24998,4079,909,572.859,75.52199999999999,12.323,2.7460000000000004,108521.0,1205589.0,3.642,0.32799999999999996,105466.0,0.319,units unclear (incl. non-PCR),72.69,331002647,35.608000000000004,38.3,15.413,9.732000000000001,54225.445999999996,1.2,151.089
32,USA,North America,United States,02-04-2020,216721,27103,5138,1059,654.741,81.882,15.523,3.199,118851.0,1324440.0,4.001,0.359,107900.0,0.326,units unclear (incl. non-PCR),72.69,331002647,35.608000000000004,38.3,15.413,9.732000000000001,54225.445999999996,1.2,151.089
33,USA,North America,United States,03-04-2020,245540,28819,6053,915,741.807,87.066,18.287,2.764,132890.0,1457330.0,4.4030000000000005,0.401,112219.0,0.33899999999999997,units unclear (incl. non-PCR),72.69,331002647,35.608000000000004,38.3,15.413,9.732000000000001,54225.445999999996,1.2,151.089
34,USA,North America,United States,04-04-2020,277965,32425,7157,1104,839.7669999999999,97.96,21.622,3.335,229193.0,1686523.0,5.095,0.6920000000000001,129694.0,0.392,units unclear (incl. non-PCR),72.69,331002647,35.608000000000004,38.3,15.413,9.732000000000001,54225.445999999996,1.2,151.089
35,USA,North America,United States,05-04-2020,312237,34272,8501,1344,943.307,103.54,25.683000000000003,4.06,119655.0,1806178.0,5.457000000000001,0.361,134272.0,0.406,units unclear (incl. non-PCR),72.69,331002647,35.608000000000004,38.3,15.413,9.732000000000001,54225.445999999996,1.2,151.089
36,USA,North America,United States,06-04-2020,337635,25398,9647,1146,1020.0369999999999,76.73100000000001,29.145,3.4619999999999997,152008.0,1958186.0,5.916,0.45899999999999996,139064.0,0.42,units unclear (incl. non-PCR),72.69,331002647,35.608000000000004,38.3,15.413,9.732000000000001,54225.445999999996,1.2,151.089
37,USA,North America,United States,07-04-2020,368196,30561,10989,1342,1112.366,92.329,33.199,4.053999999999999,154242.0,2112428.0,6.382000000000001,0.466,145051.0,0.43799999999999994,units unclear (incl. non-PCR),72.69,331002647,35.608000000000004,38.3,15.413,9.732000000000001,54225.445999999996,1.2,151.089
38,USA,North America,United States,08-04-2020,398809,30613,12895,1906,1204.851,92.486,38.957,5.757999999999999,147488.0,2259916.0,6.827000000000001,0.446,150618.0,0.455,units unclear (incl. non-PCR),72.69,331002647,35.608000000000004,38.3,15.413,9.732000000000001,54225.445999999996,1.2,151.089
39,USA,North America,United States,09-04-2020,432132,33323,14817,1922,1305.524,100.67299999999999,44.763999999999996,5.807,171058.0,2430974.0,7.343999999999999,0.517,158076.0,0.478,units unclear (incl. non-PCR),72.69,331002647,35.608000000000004,38.3,15.413,9.732000000000001,54225.445999999996,1.2,151.089
40,USA,North America,United States,10-04-2020,466033,33901,16690,1873,1407.943,102.419,50.423,5.659,158393.0,2589367.0,7.8229999999999995,0.479,161720.0,0.489,units unclear (incl. non-PCR),72.69,331002647,35.608000000000004,38.3,15.413,9.732000000000001,54225.445999999996,1.2,151.089
41,USA,North America,United States,11-04-2020,501560,35527,18777,2087,1515.275,107.331,56.728,6.305,136987.0,2726354.0,8.237,0.414,148547.0,0.449,units unclear (incl. non-PCR),72.69,331002647,35.608000000000004,38.3,15.413,9.732000000000001,54225.445999999996,1.2,151.089
42,USA,North America,United States,12-04-2020,529951,28391,20608,1831,1601.0479999999998,85.773,62.25899999999999,5.532,138917.0,2865271.0,8.656,0.42,151299.0,0.457,units unclear (incl. non-PCR),72.69,331002647,35.608000000000004,38.3,15.413,9.732000000000001,54225.445999999996,1.2,151.089
43,USA,North America,United States,13-04-2020,557571,27620,22108,1500,1684.491,83.443,66.791,4.532,134183.0,2999454.0,9.062000000000001,0.405,148753.0,0.449,units unclear (incl. non-PCR),72.69,331002647,35.608000000000004,38.3,15.413,9.732000000000001,54225.445999999996,1.2,151.089
44,USA,North America,United States,14-04-2020,582594,25023,23649,1541,1760.089,75.598,71.447,4.656000000000001,151772.0,3151226.0,9.52,0.45899999999999996,148400.0,0.44799999999999995,units unclear (incl. non-PCR),72.69,331002647,35.608000000000004,38.3,15.413,9.732000000000001,54225.445999999996,1.2,151.089
45,USA,North America,United States,15-04-2020,609516,26922,26057,2408,1841.4229999999998,81.335,78.721,7.275,136982.0,3288208.0,9.934,0.414,146899.0,0.444,units unclear (incl. non-PCR),72.69,331002647,35.608000000000004,38.3,15.413,9.732000000000001,54225.445999999996,1.2,151.089
46,USA,North America,United States,16-04-2020,639664,30148,30985,4928,1932.504,91.081,93.61,14.888,163798.0,3452006.0,10.429,0.495,145862.0,0.441,units unclear (incl. non-PCR),72.69,331002647,35.608000000000004,38.3,15.413,9.732000000000001,54225.445999999996,1.2,151.089
47,USA,North America,United States,17-04-2020,671331,31667,33284,2299,2028.174,95.67,100.555,6.946000000000001,158684.0,3610690.0,10.908,0.479,145903.0,0.441,units unclear (incl. non-PCR),72.69,331002647,35.608000000000004,38.3,15.413,9.732000000000001,54225.445999999996,1.2,151.089
48,USA,North America,United States,18-04-2020,702164,30833,37054,3770,2121.324,93.15,111.945,11.39,145834.0,3756524.0,11.349,0.441,147167.0,0.445,units unclear (incl. non-PCR),72.69,331002647,35.608000000000004,38.3,15.413,9.732000000000001,54225.445999999996,1.2,151.089
49,USA,North America,United States,19-04-2020,735086,32922,38910,1856,2220.786,99.461,117.552,5.607,153930.0,3910454.0,11.814,0.465,149312.0,0.451,units unclear (incl. non-PCR),72.69,331002647,35.608000000000004,38.3,15.413,9.732000000000001,54225.445999999996,1.2,151.089
50,USA,North America,United States,20-04-2020,759687,24601,40682,1772,2295.109,74.32300000000001,122.905,5.353,145688.0,4056142.0,12.254000000000001,0.44,150955.0,0.456,units unclear (incl. non-PCR),72.69,331002647,35.608000000000004,38.3,15.413,9.732000000000001,54225.445999999996,1.2,151.089
51,USA,North America,United States,21-04-2020,787752,28065,42539,1857,2379.896,84.788,128.516,5.61,152834.0,4208976.0,12.716,0.462,151107.0,0.457,units unclear (incl. non-PCR),72.69,331002647,35.608000000000004,38.3,15.413,9.732000000000001,54225.445999999996,1.2,151.089
52,USA,North America,United States,22-04-2020,825041,37289,45063,2524,2492.551,112.655,136.141,7.625,323483.0,4532459.0,13.693,0.977,177750.0,0.537,units unclear (incl. non-PCR),72.69,331002647,35.608000000000004,38.3,15.413,9.732000000000001,54225.445999999996,1.2,151.089
53,USA,North America,United States,23-04-2020,842629,17588,46784,1721,2545.687,53.136,141.34,5.199,192810.0,4725269.0,14.276,0.583,181895.0,0.55,units unclear (incl. non-PCR),72.69,331002647,35.608000000000004,38.3,15.413,9.732000000000001,54225.445999999996,1.2,151.089
54,USA,North America,United States,24-04-2020,869172,26543,49963,3179,2625.8759999999997,80.19,150.944,9.604,235857.0,4961126.0,14.988,0.713,192919.0,0.583,units unclear (incl. non-PCR),72.69,331002647,35.608000000000004,38.3,15.413,9.732000000000001,54225.445999999996,1.2,151.089
55,USA,North America,United States,25-04-2020,890524,21352,51017,1054,2690.383,64.507,154.129,3.1839999999999997,276150.0,5237276.0,15.822000000000001,0.8340000000000001,211536.0,0.639,units unclear (incl. non-PCR),72.69,331002647,35.608000000000004,38.3,15.413,9.732000000000001,54225.445999999996,1.2,151.089
56,USA,North America,United States,26-04-2020,939053,48529,53189,2172,2836.995,146.612,160.691,6.562,206288.0,5443564.0,16.445999999999998,0.623,219016.0,0.662,units unclear (incl. non-PCR),72.69,331002647,35.608000000000004,38.3,15.413,9.732000000000001,54225.445999999996,1.2,151.089
57,USA,North America,United States,27-04-2020,965910,26857,54876,1687,2918.134,81.138,165.787,5.0969999999999995,195400.0,5638964.0,17.035999999999998,0.59,226117.0,0.6829999999999999,units unclear (incl. non-PCR),72.69,331002647,35.608000000000004,38.3,15.413,9.732000000000001,54225.445999999996,1.2,151.089
58,USA,North America,United States,28-04-2020,988451,22541,56245,1369,2986.2329999999997,68.09899999999999,169.923,4.136,206614.0,5845578.0,17.66,0.624,233800.0,0.706,units unclear (incl. non-PCR),72.69,331002647,35.608000000000004,38.3,15.413,9.732000000000001,54225.445999999996,1.2,151.089
59,USA,North America,United States,29-04-2020,1012583,24132,58355,2110,3059.139,72.906,176.298,6.375,238605.0,6084183.0,18.381,0.721,221675.0,0.67,units unclear (incl. non-PCR),72.69,331002647,35.608000000000004,38.3,15.413,9.732000000000001,54225.445999999996,1.2,151.089
60,USA,North America,United States,30-04-2020,1039909,27326,60966,2611,3141.6940000000004,82.555,184.18599999999998,7.888,232808.0,6316991.0,19.084,0.703,227389.0,0.687,units unclear (incl. non-PCR),72.69,331002647,35.608000000000004,38.3,15.413,9.732000000000001,54225.445999999996,1.2,151.089
61,USA,North America,United States,01-05-2020,1069826,29917,63006,2040,3232.077,90.383,190.34900000000002,6.162999999999999,295226.0,6612217.0,19.976,0.892,235870.0,0.713,units unclear (incl. non-PCR),72.69,331002647,35.608000000000004,38.3,15.413,9.732000000000001,54225.445999999996,1.2,151.089
62,USA,North America,United States,02-05-2020,1103781,33955,65068,2062,3334.659,102.58200000000001,196.578,6.23,247084.0,6859301.0,20.723000000000003,0.746,231718.0,0.7,units unclear (incl. non-PCR),72.69,331002647,35.608000000000004,38.3,15.413,9.732000000000001,54225.445999999996,1.2,151.089
63,USA,North America,United States,03-05-2020,1133069,29288,66385,1317,3423.1420000000003,88.48299999999999,200.55700000000002,3.9789999999999996,236514.0,7095815.0,21.436999999999998,0.715,236036.0,0.713,units unclear (incl. non-PCR),72.69,331002647,35.608000000000004,38.3,15.413,9.732000000000001,54225.445999999996,1.2,151.089
64,USA,North America,United States,04-05-2020,1158041,24972,67682,1297,3498.585,75.444,204.476,3.918,231456.0,7327271.0,22.136999999999997,0.6990000000000001,241187.0,0.7290000000000001,units unclear (incl. non-PCR),72.69,331002647,35.608000000000004,38.3,15.413,9.732000000000001,54225.445999999996,1.2,151.089
65,USA,North America,United States,05-05-2020,1180634,22593,68934,1252,3566.842,68.256,208.25799999999998,3.782,271471.0,7598742.0,22.956999999999997,0.82,250452.0,0.757,units unclear (incl. non-PCR),72.69,331002647,35.608000000000004,38.3,15.413,9.732000000000001,54225.445999999996,1.2,151.089
66,USA,North America,United States,06-05-2020,1204475,23841,71078,2144,3638.868,72.027,214.735,6.477,244833.0,7843575.0,23.695999999999998,0.74,251342.0,0.759,units unclear (incl. non-PCR),72.69,331002647,35.608000000000004,38.3,15.413,9.732000000000001,54225.445999999996,1.2,151.089
67,USA,North America,United States,07-05-2020,1228603,24128,73431,2353,3711.762,72.89399999999999,221.84400000000002,7.109,301644.0,8145219.0,24.608,0.9109999999999999,261175.0,0.789,units unclear (incl. non-PCR),72.69,331002647,35.608000000000004,38.3,15.413,9.732000000000001,54225.445999999996,1.2,151.089
68,USA,North America,United States,08-05-2020,1256972,28369,75670,2239,3797.468,85.706,228.608,6.763999999999999,297850.0,8443069.0,25.508000000000003,0.9,261550.0,0.79,units unclear (incl. non-PCR),72.69,331002647,35.608000000000004,38.3,15.413,9.732000000000001,54225.445999999996,1.2,151.089
69,USA,North America,United States,09-05-2020,1283929,26957,77180,1510,3878.909,81.44,233.17,4.562,291609.0,8734678.0,26.389,0.8809999999999999,267911.0,0.809,units unclear (incl. non-PCR),72.69,331002647,35.608000000000004,38.3,15.413,9.732000000000001,54225.445999999996,1.2,151.089
70,USA,North America,United States,10-05-2020,1309541,25612,78794,1614,3956.2859999999996,77.377,238.046,4.876,266330.0,9001008.0,27.193,0.805,272170.0,0.8220000000000001,units unclear (incl. non-PCR),72.69,331002647,35.608000000000004,38.3,15.413,9.732000000000001,54225.445999999996,1.2,151.089
71,USA,North America,United States,11-05-2020,1329799,20258,79528,734,4017.488,61.202,240.264,2.218,382123.0,9383131.0,28.348000000000003,1.1540000000000001,293694.0,0.887,units unclear (incl. non-PCR),72.69,331002647,35.608000000000004,38.3,15.413,9.732000000000001,54225.445999999996,1.2,151.089
72,USA,North America,United States,12-05-2020,1347916,18117,80684,1156,4072.2209999999995,54.733999999999995,243.75599999999997,3.492,308555.0,9691686.0,29.28,0.932,298992.0,0.903,units unclear (incl. non-PCR),72.69,331002647,35.608000000000004,38.3,15.413,9.732000000000001,54225.445999999996,1.2,151.089
73,USA,North America,United States,13-05-2020,1369964,22048,82387,1703,4138.831,66.61,248.90099999999998,5.145,319041.0,10010727.0,30.244,0.9640000000000001,309593.0,0.935,units unclear (incl. non-PCR),72.69,331002647,35.608000000000004,38.3,15.413,9.732000000000001,54225.445999999996,1.2,151.089
74,USA,North America,United States,14-05-2020,1390746,20782,84133,1746,4201.616,62.785,254.176,5.275,364074.0,10374801.0,31.344,1.1,318512.0,0.9620000000000001,units unclear (incl. non-PCR),72.69,331002647,35.608000000000004,38.3,15.413,9.732000000000001,54225.445999999996,1.2,151.089
75,USA,North America,United States,15-05-2020,1417889,27143,85906,1773,4283.6179999999995,82.00200000000001,259.533,5.356,358323.0,10733124.0,32.426,1.083,327151.0,0.988,units unclear (incl. non-PCR),72.69,331002647,35.608000000000004,38.3,15.413,9.732000000000001,54225.445999999996,1.2,151.089
76,USA,North America,United States,16-05-2020,1443397,25508,87568,1662,4360.681,77.063,264.55400000000003,5.021,362120.0,11095244.0,33.52,1.094,337224.0,1.0190000000000001,units unclear (incl. non-PCR),72.69,331002647,35.608000000000004,38.3,15.413,9.732000000000001,54225.445999999996,1.2,151.089
77,USA,North America,United States,17-05-2020,1467884,24487,88754,1186,4434.659000000001,73.97800000000001,268.137,3.583,371154.0,11466398.0,34.641,1.121,352199.0,1.064,units unclear (incl. non-PCR),72.69,331002647,35.608000000000004,38.3,15.413,9.732000000000001,54225.445999999996,1.2,151.089
78,USA,North America,United States,18-05-2020,1486757,18873,89562,808,4491.677,57.018,270.578,2.441,354713.0,11821111.0,35.713,1.072,348283.0,1.052,units unclear (incl. non-PCR),72.69,331002647,35.608000000000004,38.3,15.413,9.732000000000001,54225.445999999996,1.2,151.089
79,USA,North America,United States,19-05-2020,1508598,21841,90353,791,4557.661,65.984,272.968,2.39,401339.0,12222450.0,36.926,1.212,361538.0,1.092,units unclear (incl. non-PCR),72.69,331002647,35.608000000000004,38.3,15.413,9.732000000000001,54225.445999999996,1.2,151.089
80,USA,North America,United States,20-05-2020,1528568,19970,91921,1568,4617.9929999999995,60.332,277.705,4.737,407159.0,12629609.0,38.156,1.23,374126.0,1.13,units unclear (incl. non-PCR),72.69,331002647,35.608000000000004,38.3,15.413,9.732000000000001,54225.445999999996,1.2,151.089
81,USA,North America,United States,21-05-2020,1551853,23285,93439,1518,4688.34,70.347,282.291,4.586,461819.0,13091428.0,39.551,1.395,388090.0,1.172,units unclear (incl. non-PCR),72.69,331002647,35.608000000000004,38.3,15.413,9.732000000000001,54225.445999999996,1.2,151.089
82,USA,North America,United States,22-05-2020,1577287,25434,94702,1263,4765.179,76.839,286.106,3.8160000000000003,409088.0,13500516.0,40.787,1.236,395342.0,1.194,units unclear (incl. non-PCR),72.69,331002647,35.608000000000004,38.3,15.413,9.732000000000001,54225.445999999996,1.2,151.089
83,USA,North America,United States,23-05-2020,1601434,24147,96007,1305,4838.13,72.95100000000001,290.04900000000004,3.943,390000.0,13890516.0,41.965,1.178,399325.0,1.206,units unclear (incl. non-PCR),72.69,331002647,35.608000000000004,38.3,15.413,9.732000000000001,54225.445999999996,1.2,151.089
84,USA,North America,United States,24-05-2020,1622670,21236,97087,1080,4902.287,64.157,293.312,3.263,381505.0,14272021.0,43.118,1.153,400803.0,1.2109999999999999,units unclear (incl. non-PCR),72.69,331002647,35.608000000000004,38.3,15.413,9.732000000000001,54225.445999999996,1.2,151.089
85,USA,North America,United States,25-05-2020,1643238,20568,97720,633,4964.4259999999995,62.138000000000005,295.224,1.912,422588.0,14694609.0,44.394,1.2770000000000001,410500.0,1.24,units unclear (incl. non-PCR),72.69,331002647,35.608000000000004,38.3,15.413,9.732000000000001,54225.445999999996,1.2,151.089
86,USA,North America,United States,26-05-2020,1662302,19064,98220,500,5022.02,57.595,296.735,1.511,305932.0,15000541.0,45.318000000000005,0.924,396870.0,1.199,units unclear (incl. non-PCR),72.69,331002647,35.608000000000004,38.3,15.413,9.732000000000001,54225.445999999996,1.2,151.089
87,USA,North America,United States,27-05-2020,1681212,18910,98916,696,5079.15,57.129,298.837,2.103,308433.0,15308974.0,46.25,0.932,382766.0,1.156,units unclear (incl. non-PCR),72.69,331002647,35.608000000000004,38.3,15.413,9.732000000000001,54225.445999999996,1.2,151.089
88,USA,North America,United States,28-05-2020,1699933,18721,100442,1526,5135.708,56.558,303.448,4.61,434470.0,15743444.0,47.563,1.3130000000000002,378859.0,1.145,units unclear (incl. non-PCR),72.69,331002647,35.608000000000004,38.3,15.413,9.732000000000001,54225.445999999996,1.2,151.089
89,USA,North America,United States,29-05-2020,1721750,21817,101617,1175,5201.62,65.91199999999999,306.998,3.55,487229.0,16230673.0,49.035,1.472,390022.0,1.178,units unclear (incl. non-PCR),72.69,331002647,35.608000000000004,38.3,15.413,9.732000000000001,54225.445999999996,1.2,151.089
90,USA,North America,United States,30-05-2020,1747087,25337,102836,1219,5278.166,76.546,310.68,3.6830000000000003,425754.0,16656427.0,50.321000000000005,1.286,395130.0,1.194,units unclear (incl. non-PCR),72.69,331002647,35.608000000000004,38.3,15.413,9.732000000000001,54225.445999999996,1.2,151.089
91,USA,North America,United States,31-05-2020,1770384,23297,103781,945,5348.549,70.383,313.535,2.855,396171.0,17052598.0,51.518,1.197,397225.0,1.2,units unclear (incl. non-PCR),72.69,331002647,35.608000000000004,38.3,15.413,9.732000000000001,54225.445999999996,1.2,151.089
92,USA,North America,United States,01-06-2020,1790191,19807,104383,602,5408.389,59.839,315.35400000000004,1.819,412327.0,17464925.0,52.763999999999996,1.246,395759.0,1.196,units unclear (incl. non-PCR),72.69,331002647,35.608000000000004,38.3,15.413,9.732000000000001,54225.445999999996,1.2,151.089
93,USA,North America,United States,02-06-2020,1811277,21086,105147,764,5472.092,63.703,317.66200000000003,2.3080000000000003,418646.0,17883571.0,54.028,1.265,411861.0,1.244,units unclear (incl. non-PCR),72.69,331002647,35.608000000000004,38.3,15.413,9.732000000000001,54225.445999999996,1.2,151.089
94,USA,North America,United States,03-06-2020,1831821,20544,106181,1034,5534.158,62.066,320.786,3.1239999999999997,466714.0,18350285.0,55.438,1.41,434473.0,1.3130000000000002,units unclear (incl. non-PCR),72.69,331002647,35.608000000000004,38.3,15.413,9.732000000000001,54225.445999999996,1.2,151.089
95,USA,North America,United States,04-06-2020,1851520,19699,107175,994,5593.670999999999,59.513000000000005,323.789,3.003,460984.0,18811269.0,56.831,1.393,438261.0,1.324,units unclear (incl. non-PCR),72.69,331002647,35.608000000000004,38.3,15.413,9.732000000000001,54225.445999999996,1.2,151.089
96,USA,North America,United States,05-06-2020,1872660,21140,108211,1036,5657.5380000000005,63.867,326.91900000000004,3.13,506275.0,19317544.0,58.361000000000004,1.53,440982.0,1.3319999999999999,units unclear (incl. non-PCR),72.69,331002647,35.608000000000004,38.3,15.413,9.732000000000001,54225.445999999996,1.2,151.089
97,USA,North America,United States,06-06-2020,1897838,25178,109143,932,5733.604,76.066,329.735,2.8160000000000003,520251.0,19837795.0,59.931999999999995,1.5719999999999998,454481.0,1.3730000000000002,units unclear (incl. non-PCR),72.69,331002647,35.608000000000004,38.3,15.413,9.732000000000001,54225.445999999996,1.2,151.089
98,USA,North America,United States,07-06-2020,1920061,22223,109802,659,5800.741999999999,67.138,331.725,1.9909999999999999,445939.0,20283734.0,61.28,1.347,461591.0,1.395,units unclear (incl. non-PCR),72.69,331002647,35.608000000000004,38.3,15.413,9.732000000000001,54225.445999999996,1.2,151.089
99,USA,North America,United States,08-06-2020,1942363,22302,110514,712,5868.119000000001,67.377,333.876,2.151,395146.0,20678880.0,62.473,1.194,459136.0,1.3869999999999998,units unclear (incl. non-PCR),72.69,331002647,35.608000000000004,38.3,15.413,9.732000000000001,54225.445999999996,1.2,151.089
100,USA,North America,United States,09-06-2020,1961185,18822,111007,493,5924.983,56.864,335.366,1.489,419724.0,21098604.0,63.74100000000001,1.268,459290.0,1.3880000000000001,units unclear (incl. non-PCR),72.69,331002647,35.608000000000004,38.3,15.413,9.732000000000001,54225.445999999996,1.2,151.089
101,USA,North America,United States,10-06-2020,1979850,18665,112006,999,5981.371999999999,56.388999999999996,338.384,3.0180000000000002,428999.0,21527603.0,65.038,1.296,453903.0,1.371,units unclear (incl. non-PCR),72.69,331002647,35.608000000000004,38.3,15.413,9.732000000000001,54225.445999999996,1.2,151.089
102,USA,North America,United States,11-06-2020,2000464,20614,112924,918,6043.65,62.277,341.157,2.773,459455.0,21987058.0,66.426,1.3880000000000001,453684.0,1.371,units unclear (incl. non-PCR),72.69,331002647,35.608000000000004,38.3,15.413,9.732000000000001,54225.445999999996,1.2,151.089
103,USA,North America,United States,12-06-2020,2023347,22883,113820,896,6112.781999999999,69.132,343.86400000000003,2.707,623125.0,22610183.0,68.308,1.883,470377.0,1.421,units unclear (incl. non-PCR),72.69,331002647,35.608000000000004,38.3,15.413,9.732000000000001,54225.445999999996,1.2,151.089
104,USA,North America,United States,13-06-2020,2048986,25639,114669,849,6190.241,77.459,346.42900000000003,2.565,496428.0,23106611.0,69.808,1.5,466974.0,1.411,units unclear (incl. non-PCR),72.69,331002647,35.608000000000004,38.3,15.413,9.732000000000001,54225.445999999996,1.2,151.089
105,USA,North America,United States,14-06-2020,2074526,25540,115436,767,6267.4,77.16,348.746,2.3169999999999997,485220.0,23591831.0,71.274,1.466,472585.0,1.4280000000000002,units unclear (incl. non-PCR),72.69,331002647,35.608000000000004,38.3,15.413,9.732000000000001,54225.445999999996,1.2,151.089
106,USA,North America,United States,15-06-2020,2094069,19543,115732,296,6326.441999999999,59.042,349.64099999999996,0.894,432811.0,24024642.0,72.581,1.308,477966.0,1.444,units unclear (incl. non-PCR),68.98,331002647,35.608000000000004,38.3,15.413,9.732000000000001,54225.445999999996,1.2,151.089
107,USA,North America,United States,16-06-2020,2114026,19957,116127,395,6386.734,60.293,350.834,1.193,464529.0,24489171.0,73.985,1.403,484367.0,1.463,units unclear (incl. non-PCR),68.98,331002647,35.608000000000004,38.3,15.413,9.732000000000001,54225.445999999996,1.2,151.089
108,USA,North America,United States,17-06-2020,2137731,23705,116963,836,6458.35,71.616,353.36,2.526,485290.0,24974461.0,75.45100000000001,1.466,492408.0,1.4880000000000002,units unclear (incl. non-PCR),68.98,331002647,35.608000000000004,38.3,15.413,9.732000000000001,54225.445999999996,1.2,151.089
109,USA,North America,United States,18-06-2020,2163290,25559,117717,754,6535.566999999999,77.217,355.63800000000003,2.278,516193.0,25490654.0,77.01,1.5590000000000002,500514.0,1.5119999999999998,units unclear (incl. non-PCR),68.98,331002647,35.608000000000004,38.3,15.413,9.732000000000001,54225.445999999996,1.2,151.089
110,USA,North America,United States,19-06-2020,2191052,27762,118434,717,6619.44,83.87200000000001,357.80400000000003,2.166,573992.0,26064646.0,78.745,1.734,493495.0,1.4909999999999999,units unclear (incl. non-PCR),68.98,331002647,35.608000000000004,38.3,15.413,9.732000000000001,54225.445999999996,1.2,151.089
111,USA,North America,United States,20-06-2020,2220961,29909,119112,678,6709.798000000001,90.359,359.852,2.048,559215.0,26623861.0,80.434,1.689,502464.0,1.518,units unclear (incl. non-PCR),68.98,331002647,35.608000000000004,38.3,15.413,9.732000000000001,54225.445999999996,1.2,151.089
112,USA,North America,United States,21-06-2020,2255119,34158,119719,607,6812.994000000001,103.196,361.686,1.834,511098.0,27134959.0,81.978,1.544,506161.0,1.5290000000000001,units unclear (incl. non-PCR),68.98,331002647,35.608000000000004,38.3,15.413,9.732000000000001,54225.445999999996,1.2,151.089
113,USA,North America,United States,22-06-2020,2280912,25793,119975,256,6890.918000000001,77.92399999999999,362.459,0.773,466605.0,27601564.0,83.38799999999999,1.41,510989.0,1.544,units unclear (incl. non-PCR),68.98,331002647,35.608000000000004,38.3,15.413,9.732000000000001,54225.445999999996,1.2,151.089
114,USA,North America,United States,23-06-2020,2312302,31390,120402,427,6985.751,94.833,363.749,1.29,491719.0,28093283.0,84.87299999999999,1.486,514873.0,1.555,units unclear (incl. non-PCR),68.98,331002647,35.608000000000004,38.3,15.413,9.732000000000001,54225.445999999996,1.2,151.089
115,USA,North America,United States,24-06-2020,2347022,34720,121228,826,7090.644,104.89299999999999,366.245,2.495,519202.0,28612485.0,86.44200000000001,1.569,519718.0,1.57,units unclear (incl. non-PCR),68.98,331002647,35.608000000000004,38.3,15.413,9.732000000000001,54225.445999999996,1.2,151.089
116,USA,North America,United States,25-06-2020,2381361,34339,121979,751,7194.387,103.742,368.514,2.269,637148.0,29249633.0,88.367,1.925,536997.0,1.6219999999999999,units unclear (incl. non-PCR),68.98,331002647,35.608000000000004,38.3,15.413,9.732000000000001,54225.445999999996,1.2,151.089
117,USA,North America,United States,26-06-2020,2422310,40949,124416,2437,7318.099,123.712,375.876,7.362,606747.0,29856380.0,90.2,1.8330000000000002,541676.0,1.636,units unclear (incl. non-PCR),68.98,331002647,35.608000000000004,38.3,15.413,9.732000000000001,54225.445999999996,1.2,151.089
118,USA,North America,United States,27-06-2020,2467837,45527,125039,623,7455.641,137.543,377.75800000000004,1.882,599386.0,30455766.0,92.01100000000001,1.811,547415.0,1.6540000000000001,units unclear (incl. non-PCR),68.98,331002647,35.608000000000004,38.3,15.413,9.732000000000001,54225.445999999996,1.2,151.089
119,USA,North America,United States,28-06-2020,2510323,42486,125539,500,7583.996999999999,128.355,379.269,1.511,583898.0,31039664.0,93.775,1.764,557815.0,1.685,units unclear (incl. non-PCR),68.98,331002647,35.608000000000004,38.3,15.413,9.732000000000001,54225.445999999996,1.2,151.089
120,USA,North America,United States,29-06-2020,2548996,38673,125804,265,7700.8330000000005,116.836,380.069,0.8009999999999999,646824.0,31686488.0,95.729,1.954,583561.0,1.7630000000000001,units unclear (incl. non-PCR),68.98,331002647,35.608000000000004,38.3,15.413,9.732000000000001,54225.445999999996,1.2,151.089
121,USA,North America,United States,30-06-2020,2590552,41556,126140,336,7826.379,125.546,381.085,1.015,624063.0,32310551.0,97.61399999999999,1.885,602467.0,1.82,units unclear (incl. non-PCR),68.98,331002647,35.608000000000004,38.3,15.413,9.732000000000001,54225.445999999996,1.2,151.089
122,USA,North America,United States,01-07-2020,2634432,43880,127410,1270,7958.945,132.567,384.921,3.8369999999999997,633286.0,32943837.0,99.527,1.913,618765.0,1.869,units unclear (incl. non-PCR),68.98,331002647,35.608000000000004,38.3,15.413,9.732000000000001,54225.445999999996,1.2,151.089
123,USA,North America,United States,02-07-2020,2686480,52048,128062,652,8116.189,157.243,386.89099999999996,1.97,662316.0,33606153.0,101.52799999999999,2.001,622360.0,1.88,units unclear (incl. non-PCR),68.98,331002647,35.608000000000004,38.3,15.413,9.732000000000001,54225.445999999996,1.2,151.089
124,USA,North America,United States,03-07-2020,2739879,53399,128740,678,8277.514000000001,161.325,388.939,2.048,710949.0,34317102.0,103.676,2.148,637246.0,1.925,units unclear (incl. non-PCR),68.98,331002647,35.608000000000004,38.3,15.413,9.732000000000001,54225.445999999996,1.2,151.089
125,USA,North America,United States,04-07-2020,2794321,54442,129434,694,8441.99,164.476,391.036,2.097,642171.0,34959273.0,105.616,1.94,643358.0,1.944,units unclear (incl. non-PCR),68.98,331002647,35.608000000000004,38.3,15.413,9.732000000000001,54225.445999999996,1.2,151.089
126,USA,North America,United States,05-07-2020,2839542,45221,129676,242,8578.608,136.618,391.767,0.731,681450.0,35640723.0,107.675,2.059,657294.0,1.986,units unclear (incl. non-PCR),68.98,331002647,35.608000000000004,38.3,15.413,9.732000000000001,54225.445999999996,1.2,151.089
127,USA,North America,United States,06-07-2020,2888635,49093,129947,271,8726.924,148.316,392.586,0.8190000000000001,501201.0,36141924.0,109.189,1.514,636491.0,1.923,units unclear (incl. non-PCR),68.98,331002647,35.608000000000004,38.3,15.413,9.732000000000001,54225.445999999996,1.2,151.089
128,USA,North America,United States,07-07-2020,2938625,49990,130306,359,8877.95,151.026,393.671,1.085,634791.0,36776715.0,111.10700000000001,1.9180000000000001,638023.0,1.9280000000000002,units unclear (incl. non-PCR),68.98,331002647,35.608000000000004,38.3,15.413,9.732000000000001,54225.445999999996,1.2,151.089
129,USA,North America,United States,08-07-2020,2996098,57473,131480,1174,9051.583,173.63299999999998,397.217,3.5469999999999997,629102.0,37405817.0,113.008,1.901,637426.0,1.926,units unclear (incl. non-PCR),68.98,331002647,35.608000000000004,38.3,15.413,9.732000000000001,54225.445999999996,1.2,151.089
130,USA,North America,United States,09-07-2020,3055004,58906,132309,829,9229.546,177.96200000000002,399.722,2.505,703050.0,38108867.0,115.132,2.124,643245.0,1.943,units unclear (incl. non-PCR),68.98,331002647,35.608000000000004,38.3,15.413,9.732000000000001,54225.445999999996,1.2,151.089
131,USA,North America,United States,10-07-2020,3118008,63004,133291,982,9419.888,190.343,402.689,2.967,810806.0,38919673.0,117.581,2.45,657510.0,1.986,units unclear (incl. non-PCR),68.98,331002647,35.608000000000004,38.3,15.413,9.732000000000001,54225.445999999996,1.2,151.089
132,USA,North America,United States,11-07-2020,3184633,66625,134097,806,9621.171,201.282,405.124,2.435,635364.0,39555037.0,119.501,1.92,656538.0,1.983,units unclear (incl. non-PCR),68.98,331002647,35.608000000000004,38.3,15.413,9.732000000000001,54225.445999999996,1.2,151.089
133,USA,North America,United States,12-07-2020,3247684,63051,134814,717,9811.655999999999,190.485,407.29,2.166,758324.0,40313361.0,121.792,2.291,667520.0,2.017,units unclear (incl. non-PCR),68.98,331002647,35.608000000000004,38.3,15.413,9.732000000000001,54225.445999999996,1.2,151.089
134,USA,North America,United States,13-07-2020,3304942,57258,135205,391,9984.639000000001,172.984,408.471,1.181,693576.0,41006937.0,123.887,2.095,695002.0,2.1,units unclear (incl. non-PCR),68.98,331002647,35.608000000000004,38.3,15.413,9.732000000000001,54225.445999999996,1.2,151.089
135,USA,North America,United States,14-07-2020,3363056,58114,135605,400,10160.209,175.57,409.68,1.208,769982.0,41776919.0,126.213,2.326,714315.0,2.158,units unclear (incl. non-PCR),68.98,331002647,35.608000000000004,38.3,15.413,9.732000000000001,54225.445999999996,1.2,151.089
136,USA,North America,United States,15-07-2020,3431574,68518,136466,861,10367.21,207.00099999999998,412.281,2.6010000000000004,761997.0,42538916.0,128.515,2.302,733300.0,2.215,units unclear (incl. non-PCR),68.98,331002647,35.608000000000004,38.3,15.413,9.732000000000001,54225.445999999996,1.2,151.089
137,USA,North America,United States,16-07-2020,3499291,67717,137419,953,10571.792,204.581,415.16,2.8789999999999996,827564.0,43366480.0,131.016,2.5,751088.0,2.269,units unclear (incl. non-PCR),68.98,331002647,35.608000000000004,38.3,15.413,9.732000000000001,54225.445999999996,1.2,151.089
138,USA,North America,United States,17-07-2020,3576221,76930,138358,939,10804.207,232.415,417.99699999999996,2.8369999999999997,837392.0,44203872.0,133.545,2.53,754886.0,2.281,units unclear (incl. non-PCR),68.98,331002647,35.608000000000004,38.3,15.413,9.732000000000001,54225.445999999996,1.2,151.089
139,USA,North America,United States,18-07-2020,3647715,71494,139266,908,11020.198999999999,215.99200000000002,420.74,2.7430000000000003,761632.0,44965504.0,135.846,2.301,772924.0,2.335,units unclear (incl. non-PCR),68.98,331002647,35.608000000000004,38.3,15.413,9.732000000000001,54225.445999999996,1.2,151.089
140,USA,North America,United States,19-07-2020,3711464,63749,140119,853,11212.793,192.59400000000002,423.31699999999995,2.577,798508.0,45764012.0,138.259,2.412,778664.0,2.352,units unclear (incl. non-PCR),68.98,331002647,35.608000000000004,38.3,15.413,9.732000000000001,54225.445999999996,1.2,151.089
141,USA,North America,United States,20-07-2020,3773260,61796,140534,415,11399.486,186.69299999999998,424.57099999999997,1.254,711015.0,46475027.0,140.407,2.148,781156.0,2.36,units unclear (incl. non-PCR),68.98,331002647,35.608000000000004,38.3,15.413,9.732000000000001,54225.445999999996,1.2,151.089
142,USA,North America,United States,21-07-2020,3830010,56750,140906,372,11570.935,171.449,425.694,1.124,750248.0,47225275.0,142.673,2.267,778337.0,2.351,units unclear (incl. non-PCR),,331002647,35.608000000000004,38.3,15.413,9.732000000000001,54225.445999999996,1.2,151.089
143,USA,North America,United States,22-07-2020,3902058,72048,142066,1160,11788.601,217.666,429.199,3.505,795502.0,48020777.0,145.077,2.403,783123.0,2.366,units unclear (incl. non-PCR),,331002647,35.608000000000004,38.3,15.413,9.732000000000001,54225.445999999996,1.2,151.089
144,USA,North America,United States,23-07-2020,3970906,68848,143190,1124,11996.598999999998,207.998,432.595,3.3960000000000004,774193.0,48794970.0,147.416,2.339,775499.0,2.343,units unclear (incl. non-PCR),,331002647,35.608000000000004,38.3,15.413,9.732000000000001,54225.445999999996,1.2,151.089
145,USA,North America,United States,24-07-2020,4034102,63196,144242,1052,12187.521999999999,190.923,435.773,3.178,,,,,,,,,331002647,35.608000000000004,38.3,15.413,9.732000000000001,54225.445999999996,1.2,151.089
